{
  "has_patient_name": 0.10170505940914154,
  "has_policy_number": 0.0822143703699112,
  "has_diagnosis": 0.11833302676677704,
  "has_service_date": 0.09069783985614777,
  "has_total_amount": 0.08060921728610992,
  "has_provider": 0.06864380836486816,
  "num_parsed_fields": 0.05624125152826309,
  "num_entities": 0.05324401706457138,
  "num_icd_codes": 0.057880621403455734,
  "num_cpt_codes": 0.05632304400205612,
  "has_primary_icd": 0.11337617039680481,
  "num_diagnosis_types": 0.058213502168655396,
  "total_amount_log": 0.06251803785562515
}